{"cameraMode":{"drawMode":0,"name":"Shaded","section":"Shading Mode"},"sceneLighting":false,"audioPlay":false,"sceneViewState":{"m_AlwaysRefresh":false,"showFog":false,"showSkybox":false,"showFlares":false,"showImageEffects":false,"showParticleSystems":false,"showVisualEffectGraphs":true,"m_FxEnabled":true},"in2DMode":false,"pivot":{"x":-0.022719860076904298,"y":1.3197139501571656,"z":0.3696960210800171},"rotation":{"x":0.01568438671529293,"y":-0.8841468691825867,"z":0.029025042429566385,"w":0.46621668338775637},"size":2.5806946754455568,"orthographic":false}