{"cameraMode":{"drawMode":0,"name":"Shaded","section":"Shading Mode"},"sceneLighting":false,"audioPlay":false,"sceneViewState":{"m_AlwaysRefresh":false,"showFog":true,"showSkybox":false,"showFlares":true,"showImageEffects":true,"showParticleSystems":true,"showVisualEffectGraphs":true,"m_FxEnabled":true},"in2DMode":false,"pivot":{"x":2.9802322387695315e-8,"y":0.7066798210144043,"z":0.08706202358007431},"rotation":{"x":0.014922525733709336,"y":0.9808543920516968,"z":-0.17545107007026673,"w":0.08423721790313721},"size":2.0006003379821779,"orthographic":false}