{"cameraMode":{"drawMode":0,"name":"Shaded","section":"Shading Mode"},"sceneLighting":false,"audioPlay":false,"sceneViewState":{"m_AlwaysRefresh":false,"showFog":true,"showSkybox":false,"showFlares":true,"showImageEffects":true,"showParticleSystems":true,"showVisualEffectGraphs":true,"m_FxEnabled":false},"in2DMode":false,"pivot":{"x":-0.19265338778495789,"y":1.5490585565567017,"z":0.12200239300727844},"rotation":{"x":0.003800526261329651,"y":0.9955691695213318,"z":0.046016812324523929,"w":-0.08202096074819565},"size":2.091371536254883,"orthographic":false}