{"cameraMode":{"drawMode":0,"name":"Shaded","section":"Shading Mode"},"sceneLighting":false,"audioPlay":false,"sceneViewState":{"m_AlwaysRefresh":false,"showFog":true,"showSkybox":false,"showFlares":true,"showImageEffects":true,"showParticleSystems":true,"showVisualEffectGraphs":true,"m_FxEnabled":true},"in2DMode":false,"pivot":{"x":39.494998931884769,"y":8.050000190734864,"z":4.711999893188477},"rotation":{"x":-0.16328106820583344,"y":0.28327929973602297,"z":-0.048998624086380008,"w":-0.9437757134437561},"size":10.816723823547364,"orthographic":false}