{"cameraMode":{"drawMode":0,"name":"Shaded","section":"Shading Mode"},"sceneLighting":false,"audioPlay":false,"sceneViewState":{"m_AlwaysRefresh":false,"showFog":false,"showSkybox":false,"showFlares":false,"showImageEffects":false,"showParticleSystems":false,"showVisualEffectGraphs":true,"m_FxEnabled":true},"in2DMode":false,"pivot":{"x":0.020183205604553224,"y":1.4273011684417725,"z":0.2798346281051636},"rotation":{"x":-0.01602441817522049,"y":0.9529815912246704,"z":-0.29825249314308169,"w":-0.05122595652937889},"size":2.5010628700256349,"orthographic":false}