{"cameraMode":{"drawMode":0,"name":"Shaded","section":"Shading Mode"},"sceneLighting":false,"audioPlay":false,"sceneViewState":{"m_AlwaysRefresh":false,"showFog":true,"showSkybox":false,"showFlares":true,"showImageEffects":true,"showParticleSystems":true,"showVisualEffectGraphs":true,"m_FxEnabled":false},"in2DMode":false,"pivot":{"x":1.3112998008728028,"y":1.0814447402954102,"z":0.0023692846298217775},"rotation":{"x":-0.03471365571022034,"y":-0.5710480213165283,"z":0.024166980758309366,"w":-0.8198349475860596},"size":2.584400177001953,"orthographic":false}